Survived,Pclass,Sex,Age,SibSp,Fare,Embarked,relatives,Deck,Title,Age_Class,Fare_Per_Person
0,3,0,2,1,0,0,1,8,1,6,0
1,1,1,5,1,3,1,1,3,3,5,1
1,3,1,3,0,0,0,0,8,2,9,0
1,1,1,5,1,3,0,1,3,3,5,1
0,3,0,5,0,1,0,0,8,1,15,1
0,3,0,3,0,1,2,0,8,1,9,1
0,1,0,6,0,3,0,0,5,1,6,3
0,3,0,0,3,2,0,4,8,4,0,0
1,3,1,3,0,1,0,2,8,3,9,0
1,2,1,1,1,2,1,1,8,3,2,1
1,3,1,0,1,2,0,2,7,2,0,0
1,1,1,6,0,2,0,0,3,2,6,2
0,3,0,2,0,1,0,0,8,1,6,1
0,3,0,5,1,2,0,6,8,1,15,0
0,3,1,1,0,0,0,0,8,2,3,0
1,2,1,6,0,2,0,0,8,3,12,2
0,3,0,0,4,2,2,5,8,4,0,0
1,2,0,5,0,1,0,0,8,1,10,1
0,3,1,4,1,2,0,1,8,3,12,1
1,3,1,1,0,0,1,0,8,3,3,0
0,2,0,5,0,2,0,0,8,1,10,2
1,2,0,5,0,1,0,0,4,1,10,1
1,3,1,1,0,1,2,0,8,2,3,1
1,1,0,4,0,3,0,0,1,1,4,3
0,3,1,0,3,2,0,4,8,2,0,0
1,3,1,5,1,2,0,6,8,3,15,0
0,3,0,6,0,0,1,0,8,1,18,0
0,1,0,2,3,5,0,5,3,1,2,0
1,3,1,3,0,0,2,0,8,2,9,0
0,3,0,5,0,0,0,0,8,1,15,0
0,1,0,5,0,2,1,0,8,5,5,2
1,1,1,1,1,4,1,1,2,3,1,2
1,3,1,1,0,0,2,0,8,2,3,0
0,2,0,6,0,1,0,0,8,1,12,1
0,1,0,4,1,3,1,1,8,1,4,1
0,1,0,6,1,3,0,1,8,1,6,1
1,3,0,3,0,0,1,0,8,1,9,0
0,3,0,2,0,1,0,0,8,1,6,1
0,3,1,1,2,2,0,2,8,2,3,0
1,3,1,1,1,1,1,1,8,2,3,0
0,3,1,5,1,1,0,1,8,3,15,0
0,2,1,3,1,2,0,1,8,3,6,1
0,3,0,3,0,0,1,0,8,1,9,0
1,2,1,0,1,3,1,3,8,2,0,0
1,3,1,2,0,0,2,0,8,2,6,0
0,3,0,4,0,1,0,0,8,1,12,1
0,3,0,5,1,2,2,1,8,1,15,1
1,3,1,2,0,0,2,0,8,2,6,0
0,3,0,1,2,2,1,2,8,1,3,0
0,3,1,1,1,2,0,1,8,3,3,1
0,3,0,0,4,3,0,5,8,4,0,0
0,3,0,2,0,0,0,0,8,1,6,0
1,1,1,6,1,3,1,1,4,3,6,1
1,2,1,4,1,2,0,1,8,3,8,1
0,1,0,6,0,3,1,1,2,1,6,1
1,1,0,4,0,3,0,0,3,1,4,3
1,2,1,2,0,1,0,0,8,2,4,1
0,3,0,4,0,0,1,0,8,1,12,0
1,2,1,0,1,2,0,3,8,2,0,0
0,3,0,0,5,3,0,7,8,4,0,0
0,3,0,2,0,0,1,0,8,1,6,0
1,1,1,5,0,3,0,0,2,2,5,3
0,1,0,6,1,3,0,1,3,1,6,1
0,3,0,0,3,2,0,5,8,4,0,0
0,1,0,2,0,2,1,0,8,1,2,2
1,3,0,1,1,2,1,2,8,4,3,0
1,2,1,4,0,1,0,0,6,3,8,1
0,3,0,2,0,1,0,0,8,1,6,1
1,3,1,1,4,0,0,6,8,2,3,0
0,3,0,3,2,1,0,2,8,1,9,0
0,2,0,4,0,1,0,0,8,1,8,1
0,3,1,1,5,3,0,7,8,2,3,0
0,2,0,2,0,3,0,0,8,1,4,3
0,3,0,3,1,1,1,1,8,1,9,0
1,3,0,4,0,3,0,0,8,1,12,3
0,3,0,3,0,0,0,0,6,1,9,0
0,3,0,2,0,0,0,0,8,1,6,0
0,3,0,4,0,1,0,0,8,1,12,1
1,2,0,0,0,2,0,2,8,4,0,0
1,3,1,4,0,1,0,0,8,2,12,1
0,3,0,2,0,1,0,0,8,1,6,1
1,3,0,4,0,1,0,0,8,1,12,1
1,3,1,5,0,0,2,0,8,2,15,0
0,1,0,4,0,3,0,0,8,1,4,3
1,2,1,1,0,1,0,0,8,2,2,1
1,3,1,4,3,2,0,3,8,3,12,0
0,3,0,1,1,3,0,4,8,1,3,0
0,3,0,4,0,1,0,0,8,1,12,1
1,1,1,3,3,5,0,5,3,2,3,0
0,3,0,3,0,1,0,0,8,1,9,1
0,3,0,4,0,1,0,0,8,1,12,1
0,3,0,2,0,0,0,0,8,1,6,0
0,1,0,6,1,3,0,1,5,1,6,1
0,3,0,3,1,2,0,3,8,1,9,0
0,3,0,6,0,0,0,0,8,1,18,0
0,3,0,2,0,1,0,0,8,1,6,1
0,1,0,6,0,3,1,0,1,1,6,3
1,1,0,3,0,3,1,1,4,1,3,1
1,2,1,5,0,2,0,1,8,3,10,1
0,2,0,5,1,2,0,1,8,1,10,1
0,3,1,4,0,0,0,0,8,2,12,0
0,3,0,5,0,0,0,0,8,1,15,0
0,1,0,2,0,3,0,1,4,1,2,1
0,3,0,4,0,1,0,0,8,1,12,1
0,3,0,5,2,0,0,2,8,1,15,0
0,3,0,4,0,0,0,0,8,1,12,0
1,3,1,2,0,0,0,0,8,2,6,0
1,3,0,2,0,0,0,0,8,1,6,0
0,3,0,5,0,0,0,0,8,1,15,0
1,3,1,4,1,2,2,1,8,2,12,1
0,1,0,6,0,3,0,0,3,1,6,3
0,3,1,1,1,1,1,1,8,2,3,0
0,3,0,2,0,1,0,0,8,1,6,1
0,3,1,2,1,1,0,1,8,2,6,0
0,3,1,1,0,1,1,0,8,2,3,1
0,3,0,2,0,0,0,0,8,1,6,0
0,3,0,6,0,0,2,0,8,1,18,0
0,2,0,4,1,2,0,1,8,1,8,1
0,1,0,3,0,4,1,1,2,1,3,2
0,3,1,0,4,2,0,6,8,2,0,0
0,2,0,2,2,3,0,2,8,1,4,1
0,3,0,3,0,1,0,0,8,1,9,1
0,2,0,4,1,2,1,1,8,1,8,1
1,2,1,4,0,1,0,0,5,2,8,1
0,1,0,6,0,3,0,1,4,1,6,1
1,3,0,1,1,1,1,1,8,4,3,0
0,3,0,5,0,0,2,0,8,1,15,0
1,3,0,3,0,0,0,0,8,1,9,0
1,3,1,5,1,2,1,2,6,2,15,0
0,3,0,6,0,0,0,0,8,1,18,0
0,3,0,4,0,0,1,0,8,1,12,0
0,3,0,2,0,0,0,0,8,1,6,0
0,3,1,6,1,1,0,1,8,3,18,0
1,2,1,4,1,2,0,1,8,3,8,1
0,2,0,3,0,1,0,0,8,1,6,1
0,2,0,3,0,2,1,0,8,1,6,2
1,1,1,2,0,2,0,2,4,2,2,0
0,1,0,5,1,3,0,1,3,1,5,1
0,3,0,1,0,1,0,0,8,1,3,1
0,1,0,3,0,3,1,0,2,1,3,3
0,3,1,6,0,2,1,2,8,3,18,0
1,3,1,2,0,0,0,0,8,2,6,0
1,3,1,3,1,2,0,1,8,3,9,1
0,3,0,2,0,0,2,0,8,1,6,0
0,2,0,1,0,1,0,0,8,1,2,1
0,2,0,2,1,3,0,2,8,1,4,1
1,3,0,3,0,0,0,0,8,1,9,0
0,3,1,0,2,3,0,4,8,2,0,0
0,2,0,5,0,2,0,2,6,1,10,0
0,2,0,6,0,1,0,0,8,5,12,1
0,2,0,6,0,1,0,0,8,5,12,1
1,1,1,2,1,3,0,1,3,3,2,1
0,3,0,6,0,1,0,0,8,1,18,1
0,3,0,5,0,1,0,2,8,1,15,0
0,3,0,4,0,0,0,0,8,1,12,0
0,1,0,6,0,3,1,1,8,1,6,1
1,3,1,1,0,0,2,0,8,2,3,0
0,3,0,4,0,1,0,0,8,1,12,1
0,3,0,1,0,1,0,0,8,1,3,1
0,3,0,3,8,3,0,10,8,4,9,0
0,3,0,6,0,2,0,1,8,1,18,1
1,2,1,5,0,2,0,0,8,3,10,2
0,3,0,3,0,0,0,0,8,1,9,0
0,3,0,1,0,1,0,0,8,1,3,1
0,3,0,0,4,3,0,5,8,4,0,0
1,3,0,0,0,2,0,2,8,4,0,0
1,1,1,2,0,3,0,1,5,3,2,1
0,3,1,6,1,2,0,5,8,3,18,0
0,1,0,4,0,2,0,0,8,1,4,2
0,3,0,4,0,3,0,0,8,1,12,3
0,1,0,6,0,3,0,0,2,1,6,3
0,3,0,0,4,2,2,5,8,4,0,0
1,3,1,0,1,1,0,2,8,2,0,0
0,3,0,2,0,0,0,0,8,1,6,0
0,1,0,6,0,2,1,0,1,1,6,2
0,3,0,1,1,0,0,2,8,1,3,0
0,3,0,4,3,2,0,4,8,4,12,0
0,1,1,6,0,2,1,0,3,2,6,2
0,2,0,4,0,1,0,0,8,1,8,1
0,3,0,5,0,0,0,0,8,1,15,0
0,3,1,4,8,3,0,10,8,2,12,0
0,2,0,3,0,2,1,0,8,1,6,2
0,3,0,0,4,2,0,6,8,4,0,0
1,2,0,0,2,3,0,3,6,4,0,0
1,3,1,0,0,2,0,2,8,2,0,0
0,1,0,5,0,3,0,0,1,1,5,3
1,3,1,5,1,2,2,1,8,3,15,1
1,1,0,6,0,2,0,0,8,1,6,2
0,3,0,5,1,2,2,2,8,1,15,0
0,3,0,5,0,0,0,0,8,1,15,0
1,2,1,4,0,1,0,0,8,3,8,1
0,2,0,2,0,1,0,0,8,1,4,1
1,3,1,2,1,0,0,1,8,2,6,0
1,2,0,0,1,2,0,2,6,4,0,0
1,1,1,6,0,2,1,0,2,3,6,2
1,1,1,6,0,4,1,0,2,2,6,4
0,3,0,1,0,0,2,0,8,1,3,0
0,3,0,6,0,1,0,1,8,1,18,0
1,3,1,2,0,0,2,0,8,2,6,0
0,2,1,3,0,1,0,0,8,2,6,1
0,3,0,4,0,1,0,0,8,1,12,1
0,3,0,4,8,3,0,10,8,1,12,0
0,3,0,5,0,0,0,0,8,1,15,0
0,3,0,6,0,0,1,0,8,1,18,0
1,3,0,1,0,1,0,0,8,1,3,1
0,3,1,0,0,1,0,1,7,2,0,0
0,3,0,4,1,2,0,1,8,1,12,1
1,3,0,3,0,2,1,0,8,1,9,2
1,3,1,1,0,0,2,0,8,2,3,0
1,1,0,5,0,2,1,0,1,1,5,2
0,3,0,3,0,0,0,0,8,1,9,0
1,2,1,5,0,2,0,0,8,2,10,2
0,3,0,2,0,0,0,0,8,1,6,0
0,2,0,4,0,1,0,0,8,1,8,1
0,3,0,4,1,0,2,1,8,1,12,0
1,1,1,4,1,4,1,1,4,2,4,2
1,3,1,3,0,0,0,0,8,2,9,0
0,2,0,6,1,2,0,1,8,1,12,1
1,1,1,4,0,3,1,0,4,2,4,3
0,2,0,4,0,1,0,0,8,1,8,1
1,3,0,1,0,1,0,0,8,1,3,1
0,2,0,3,0,1,0,0,8,1,6,1
0,3,0,6,0,1,0,0,8,1,18,1
0,3,0,5,0,0,0,0,8,1,15,0
1,1,0,5,1,3,0,1,3,1,5,1
0,3,0,2,0,1,0,0,8,1,6,1
1,2,0,2,0,1,0,0,8,1,4,1
0,3,0,2,0,0,0,0,8,1,6,0
0,2,0,1,0,1,0,0,8,1,2,1
0,3,1,5,3,2,0,4,8,2,15,0
1,1,1,5,1,3,0,1,3,3,5,1
0,3,0,4,0,0,0,0,8,1,12,0
0,2,0,6,0,1,0,0,8,1,12,1
1,3,1,0,4,2,0,6,8,2,0,0
0,2,0,3,0,1,0,0,8,1,6,1
0,3,1,4,0,0,0,0,8,2,12,0
0,2,0,6,1,2,0,1,8,1,12,1
1,2,1,0,0,2,0,2,8,2,0,0
0,2,0,2,0,1,0,0,8,1,4,1
0,2,0,4,0,1,0,0,8,1,8,1
0,3,1,5,1,1,1,1,8,2,15,0
1,3,1,5,1,2,2,1,8,2,15,1
0,2,0,4,0,1,0,0,8,1,8,1
0,3,0,2,0,0,0,0,8,1,6,0
0,3,0,4,0,0,1,0,8,1,12,0
0,1,0,6,2,3,2,2,3,5,6,1
0,3,1,3,0,0,0,0,8,2,9,0
1,2,1,3,0,1,0,2,8,3,6,0
1,1,0,5,1,3,0,2,4,1,5,1
0,2,0,6,1,2,0,1,8,5,12,1
0,3,0,1,0,0,0,0,8,1,3,0
0,3,1,4,1,1,0,2,7,3,12,0
0,1,0,6,0,2,0,0,3,1,6,2
0,3,0,4,1,2,0,1,8,1,12,1
0,3,1,6,0,2,0,2,8,3,18,0
1,3,1,4,0,2,1,2,8,3,12,0
1,1,1,5,0,3,1,0,8,3,5,3
1,1,1,4,0,3,0,0,2,2,4,3
1,1,1,5,0,5,1,0,8,2,5,5
1,2,1,6,0,2,0,1,8,3,12,1
0,3,0,3,0,0,2,0,8,1,9,0
1,3,0,0,4,2,0,6,8,4,0,0
0,1,0,6,1,3,0,2,5,1,6,1
0,1,0,5,0,0,0,0,2,1,5,0
0,3,1,3,0,0,2,0,8,2,9,0
0,2,0,5,0,1,0,0,8,1,10,1
0,3,0,1,4,3,0,5,8,1,3,0
1,3,0,3,1,0,0,1,8,1,9,0
1,1,1,6,0,4,0,1,3,3,6,2
1,1,1,5,0,4,0,0,3,2,5,4
0,1,0,5,0,2,0,0,8,1,5,2
1,3,0,3,0,0,0,0,8,1,9,0
1,2,1,6,0,2,0,1,8,3,12,1
0,1,0,5,0,2,1,1,3,1,5,1
1,3,1,6,0,0,2,0,8,2,18,0
1,1,1,6,1,3,0,1,4,2,6,1
0,3,1,6,0,0,0,0,8,2,18,0
0,2,0,5,0,0,0,0,8,1,10,0
0,3,0,0,4,2,2,5,8,4,0,0
1,3,1,5,1,2,0,2,8,3,15,0
0,3,0,6,0,0,2,0,8,1,18,0
0,3,0,4,0,0,0,0,8,1,12,0
0,3,0,1,0,1,0,0,8,1,3,1
1,3,0,2,0,1,0,0,8,1,6,1
0,1,0,5,0,2,0,0,1,1,5,2
0,3,0,4,0,1,1,0,8,1,12,1
1,3,0,4,0,1,0,0,8,1,12,1
0,3,0,2,0,0,0,0,8,1,6,0
1,2,0,6,0,1,0,0,8,1,12,1
1,3,1,2,0,0,2,0,8,2,6,0
1,1,1,3,0,3,0,0,8,2,3,3
1,1,1,2,1,3,1,1,2,3,2,1
0,2,0,5,0,1,1,0,4,1,10,1
0,3,1,3,0,1,0,0,8,2,9,1
0,3,0,3,0,0,0,0,8,1,9,0
0,1,0,2,0,2,1,0,8,1,2,2
0,3,0,3,0,0,1,0,8,1,9,0
0,1,1,0,1,4,0,3,3,2,0,1
1,1,0,2,0,2,0,0,3,1,2,2
1,1,1,6,0,4,1,1,2,3,6,2
1,3,1,3,0,0,2,0,8,2,9,0
1,3,0,1,2,2,2,2,8,1,3,0
0,3,0,2,0,0,0,0,8,1,6,0
1,2,1,2,0,1,2,0,5,2,4,1
0,3,0,4,0,1,0,0,8,1,12,1
1,1,0,0,1,4,0,3,3,4,0,1
1,1,1,2,0,4,1,0,8,2,2,4
1,1,1,1,1,4,1,1,3,3,1,2
0,2,0,4,1,2,1,1,8,1,8,1
1,1,1,4,0,3,1,0,5,2,4,3
1,1,1,3,0,3,1,0,3,2,3,3
1,1,1,1,2,5,1,4,2,2,1,1
0,2,1,3,1,2,0,2,8,3,6,0
0,3,0,4,0,0,0,0,8,1,12,0
0,2,0,6,1,2,0,2,8,1,12,0
1,3,1,3,0,0,0,0,8,2,9,0
1,2,1,3,1,2,0,1,8,3,6,1
0,2,0,6,0,1,0,0,8,5,12,1
1,1,1,4,0,4,0,2,3,2,4,1
1,1,1,5,1,4,1,2,5,3,5,1
0,3,0,2,0,0,0,0,8,1,6,0
0,3,0,3,0,0,0,0,8,1,9,0
1,2,1,4,0,1,2,0,8,2,8,1
1,2,1,2,1,2,0,2,8,3,4,0
0,3,0,5,8,3,0,10,8,1,15,0
1,1,1,5,0,4,1,0,3,2,5,4
0,3,0,6,0,0,0,0,8,1,18,0
1,2,1,5,0,1,0,0,4,3,10,1
1,3,1,4,1,2,0,2,8,3,12,0
1,1,1,1,0,3,1,1,2,2,1,1
1,3,1,4,2,2,2,2,8,2,12,0
0,1,0,6,0,2,0,0,3,1,6,2
0,1,0,5,0,4,0,1,3,1,5,2
0,3,0,1,2,2,0,2,8,1,3,0
1,1,1,2,1,4,0,1,8,3,2,2
0,3,0,1,0,0,0,0,8,1,3,0
0,1,0,4,1,3,0,1,3,1,4,1
1,1,1,6,0,4,1,0,5,2,6,4
1,3,0,6,0,1,0,0,8,1,18,1
0,1,0,6,0,3,0,0,0,1,6,3
1,2,0,0,1,2,0,2,6,4,0,0
1,1,1,3,3,5,0,5,3,2,3,0
0,2,0,4,0,1,0,0,8,1,8,1
0,2,0,3,0,1,0,0,8,1,6,1
0,2,0,5,0,1,0,0,8,1,10,1
1,2,1,3,0,1,0,0,6,2,6,1
1,2,1,5,0,1,0,0,8,2,10,1
1,3,1,5,1,2,0,1,8,3,15,1
1,3,0,0,1,2,0,2,8,4,0,0
0,3,0,6,0,1,0,0,8,1,18,1
0,3,0,3,0,1,0,0,8,1,9,1
0,1,0,4,0,3,0,0,3,1,4,3
0,3,0,1,1,0,1,2,8,1,3,0
0,3,0,3,1,2,0,1,8,1,9,1
0,3,0,3,0,0,1,0,8,1,9,0
0,3,0,4,0,1,0,0,8,1,12,1
1,1,1,2,0,3,0,1,5,2,2,1
0,2,1,5,0,1,0,0,8,2,10,1
1,3,1,3,0,0,2,0,8,2,9,0
1,3,1,6,0,0,2,0,8,2,18,0
0,3,0,5,1,2,0,5,8,1,15,0
0,2,0,4,1,2,1,1,8,1,8,1
0,3,1,6,0,1,1,1,8,3,18,0
0,3,0,5,0,0,0,0,8,1,15,0
0,3,0,2,1,2,2,1,8,1,6,1
0,3,0,4,0,0,0,0,8,1,12,0
1,1,1,6,1,3,1,1,4,3,6,1
1,3,1,1,0,0,1,0,8,3,3,0
1,3,1,4,0,0,2,0,8,2,12,0
1,1,1,3,0,3,1,0,2,3,3,3
1,1,0,3,1,3,1,1,5,1,3,1
0,3,0,1,1,0,0,1,8,1,3,0
0,3,0,2,0,1,0,0,8,1,6,1
0,1,0,2,0,4,1,0,8,1,2,4
0,3,1,0,3,2,0,4,8,2,0,0
1,1,1,4,1,3,1,1,8,3,4,1
1,3,1,2,0,0,0,0,8,2,6,0
0,1,0,3,0,4,1,2,3,1,3,1
0,3,0,2,0,0,1,0,8,1,6,0
0,3,0,2,0,0,0,0,8,1,6,0
1,1,1,6,0,4,1,0,8,2,6,4
1,3,1,0,0,2,1,2,8,2,0,0
0,3,0,4,0,0,0,0,8,1,12,0
1,1,1,5,1,3,0,1,8,3,5,1
0,3,0,5,0,0,0,0,8,1,15,0
0,2,0,1,0,3,0,0,8,1,2,3
0,3,0,0,5,3,0,7,8,4,0,0
1,2,1,5,0,1,0,0,8,2,10,1
0,3,0,4,0,0,2,0,8,1,12,0
1,2,1,1,0,1,1,0,8,2,2,1
1,1,0,5,1,4,0,3,2,1,5,1
1,3,0,2,0,0,0,0,8,1,6,0
0,3,0,4,2,0,0,2,8,1,12,0
1,1,1,3,1,4,1,1,4,2,3,2
1,3,1,3,0,2,0,2,7,3,9,0
0,3,0,2,0,0,0,0,8,1,6,0
0,3,1,4,0,0,0,0,8,2,12,0
0,2,0,6,0,2,0,0,8,1,12,2
0,2,0,3,0,1,0,0,8,5,6,1
1,2,1,4,0,1,0,0,8,3,8,1
1,3,0,5,0,0,0,0,8,1,15,0
0,3,0,3,0,1,0,0,8,1,9,1
0,3,1,2,1,1,0,1,8,2,6,0
0,3,0,4,1,2,0,1,8,1,12,1
0,3,1,2,0,1,0,0,8,2,6,1
0,2,0,5,1,2,0,1,8,1,10,1
0,3,0,6,0,0,0,0,8,1,18,0
1,2,0,0,1,2,0,2,8,4,0,0
0,3,0,2,0,0,0,0,8,1,6,0
0,3,1,3,3,2,0,4,8,2,9,0
0,3,0,5,0,0,0,0,8,1,15,0
0,3,0,2,0,0,2,0,8,1,6,0
1,1,1,4,1,3,2,1,3,2,4,1
0,2,0,3,0,0,0,0,8,1,6,0
1,3,0,6,0,0,0,0,8,1,18,0
0,3,1,3,0,1,0,0,8,3,9,1
1,2,1,5,1,3,0,2,8,3,10,1
1,2,1,1,0,1,0,2,8,2,2,0
0,2,0,4,0,1,0,0,8,1,8,1
0,3,1,0,0,2,0,2,8,2,0,0
0,3,0,2,0,0,1,0,8,1,6,0
0,3,0,2,0,0,2,0,8,1,6,0
0,3,0,4,0,0,0,0,8,1,12,0
0,3,1,4,1,1,0,2,8,3,12,0
0,3,0,1,1,2,0,2,8,1,3,0
0,3,0,3,0,0,0,0,8,1,9,0
1,2,1,4,1,2,0,1,8,3,8,1
1,2,1,2,0,2,0,0,8,2,4,2
0,3,0,3,0,0,2,0,8,1,9,0
1,3,0,4,0,1,0,0,5,1,12,1
1,1,0,4,0,2,0,0,3,1,4,2
1,3,1,2,1,2,0,1,8,3,6,1
1,2,1,6,1,2,0,1,8,3,12,1
0,3,0,1,0,0,0,0,8,1,3,0
0,1,0,6,1,3,0,1,5,1,6,1
1,1,1,1,1,4,0,3,2,2,1,1
0,3,1,2,2,3,0,4,8,2,6,0
1,2,1,3,2,2,0,5,8,3,6,0
0,1,0,6,1,5,0,5,3,1,6,0
0,2,0,4,0,1,0,0,8,1,8,1
1,2,1,6,1,2,0,2,8,3,12,0
0,3,0,2,0,1,0,0,8,1,6,1
0,3,0,3,1,0,0,1,8,1,9,0
1,2,1,4,0,1,0,0,8,2,8,1
1,3,0,4,0,1,0,0,8,1,12,1
1,1,0,0,0,3,0,2,1,4,0,1
1,2,1,1,0,2,0,1,8,2,2,1
1,1,0,5,0,2,0,0,8,1,5,2
1,3,1,0,2,2,1,3,8,2,0,0
1,1,0,6,0,2,0,0,3,5,6,2
0,2,0,5,1,2,0,3,8,1,10,0
0,3,0,3,1,2,0,1,8,1,9,1
0,1,0,4,0,2,1,0,3,1,4,2
1,1,0,6,1,3,1,1,3,1,6,1
0,3,0,4,0,1,0,0,8,1,12,1
1,3,0,4,0,0,1,0,8,1,12,0
0,1,0,6,0,2,0,0,5,1,6,2
1,1,1,2,1,3,0,1,4,3,2,1
1,2,1,6,0,1,0,0,8,2,12,1
0,3,0,2,0,0,2,0,8,1,6,0
1,1,0,6,0,2,0,0,5,1,6,2
0,3,0,5,0,1,0,0,8,1,15,1
0,1,0,6,0,3,0,0,5,1,6,3
0,2,0,6,0,1,0,0,8,1,12,1
0,3,0,3,0,1,0,0,8,1,9,1
0,3,0,5,0,0,0,0,8,1,15,0
0,2,0,6,0,0,0,0,8,1,12,0
0,1,0,6,0,2,0,0,8,1,6,2
0,3,0,2,0,0,2,0,8,1,6,0
1,3,1,0,2,2,1,3,8,2,0,0
0,3,0,2,0,0,0,0,8,1,6,0
0,3,0,5,0,1,0,0,8,1,15,1
1,2,1,4,1,2,0,3,8,3,8,0
1,2,1,3,0,1,1,0,4,3,6,1
0,3,1,2,0,1,0,0,8,2,6,1
0,1,0,6,0,3,0,0,1,1,6,3
0,2,0,5,1,2,0,1,8,1,10,1
0,3,0,4,1,0,0,1,8,1,12,0
0,3,0,2,0,0,0,0,8,1,6,0
1,3,1,0,0,1,0,1,8,2,0,0
0,3,0,0,5,3,0,7,8,4,0,0
0,2,0,1,0,0,0,0,8,1,2,0
0,3,0,6,0,1,0,0,8,1,18,1
1,3,1,6,0,1,0,0,8,3,18,1
1,1,0,3,1,3,1,1,2,1,3,1
0,3,1,6,3,2,0,4,8,2,18,0
1,1,1,5,1,3,0,1,3,3,5,1
0,1,0,6,0,2,1,0,2,1,6,2
0,3,0,4,0,1,0,0,8,1,12,1
1,3,0,0,1,2,0,2,8,4,0,0
0,3,0,1,1,2,0,1,8,1,3,1
0,3,0,2,0,0,0,0,8,1,6,0
0,1,0,6,0,2,0,0,3,1,6,2
0,1,0,6,0,3,1,0,8,1,6,3
0,3,0,2,0,1,0,0,8,1,6,1
0,3,0,3,0,1,1,0,8,1,9,1
1,1,1,6,1,3,1,1,4,2,6,1
0,3,0,1,0,2,0,0,8,1,3,2
0,1,1,3,1,4,0,3,3,3,3,1
0,3,0,3,0,0,0,0,8,1,9,0
0,3,0,1,0,1,0,0,8,1,3,1
0,3,1,2,0,0,2,0,8,2,6,0
0,3,1,4,0,0,2,0,8,2,12,0
0,3,1,5,0,1,0,0,8,2,15,1
1,1,1,1,0,3,0,0,2,2,1,3
0,1,0,1,1,4,1,1,3,1,1,2
1,2,1,4,0,2,0,2,8,3,8,0
1,1,0,6,0,2,0,0,8,1,6,2
0,3,0,4,0,2,0,0,8,1,12,2
1,3,0,3,0,3,0,0,8,1,9,3
1,3,0,4,0,0,2,0,8,1,12,0
0,3,0,6,0,1,0,0,8,1,18,1
1,1,0,5,0,2,0,0,5,1,5,2
1,1,1,6,1,3,1,1,8,3,6,1
0,3,0,3,0,0,0,0,8,1,9,0
0,1,0,6,0,3,0,0,4,1,6,3
1,2,1,5,0,1,0,0,6,3,10,1
0,3,0,3,0,2,2,0,8,1,9,2
1,2,1,5,1,2,0,1,8,3,10,1
0,3,0,4,0,0,0,0,8,1,12,0
1,1,1,4,0,3,0,0,2,2,4,3
0,3,0,2,0,0,0,0,8,1,6,0
0,3,0,5,0,0,1,0,8,1,15,0
1,1,1,6,0,3,1,1,2,3,6,1
0,3,0,4,0,0,1,0,8,1,12,0
0,3,0,5,0,0,2,0,8,1,15,0
1,2,1,6,0,1,0,0,8,2,12,1
0,1,0,1,0,4,0,0,3,1,1,4
0,3,0,5,0,0,0,0,8,1,15,0
0,2,0,3,2,1,0,3,8,1,6,0
1,2,1,0,1,2,0,2,8,2,0,0
0,3,0,2,0,0,1,0,8,1,6,0
0,3,0,1,1,0,1,2,8,1,3,0
1,3,1,4,0,2,1,2,8,3,12,0
0,3,1,4,0,1,0,0,8,2,12,1
1,2,1,0,0,2,0,2,8,2,0,0
0,1,0,6,0,2,0,0,2,5,6,2
1,1,1,4,0,4,1,0,8,2,4,4
0,3,0,4,0,1,0,0,8,1,12,1
1,1,1,2,0,3,1,2,2,2,2,1
1,1,1,5,0,3,0,2,2,2,5,1
0,3,1,0,4,2,0,6,8,2,0,0
0,3,1,0,4,2,0,6,8,2,0,0
1,2,0,4,1,2,0,1,8,1,8,1
0,1,0,6,1,4,1,1,3,1,6,2
0,1,0,6,0,2,0,0,8,1,6,2
1,2,1,2,1,2,0,1,8,3,4,1
1,2,0,1,0,1,1,0,8,1,2,1
0,3,0,4,1,2,0,2,8,1,12,0
1,2,0,0,1,3,0,2,8,4,0,1
1,1,0,1,0,4,1,2,3,1,1,1
0,2,0,3,0,2,0,0,8,1,6,2
0,3,0,2,0,0,2,0,8,1,6,0
1,3,0,2,0,0,1,0,8,1,6,0
1,3,1,2,0,0,0,0,8,2,6,0
0,1,0,6,0,2,0,0,8,1,6,2
1,1,1,6,1,3,1,1,1,5,6,1
0,1,0,2,0,4,1,0,8,1,2,4
1,1,1,5,1,3,0,2,5,3,5,1
1,3,1,5,1,2,0,1,8,3,15,1
0,3,0,3,0,0,2,0,8,1,9,0
0,3,0,5,0,0,0,0,8,1,15,0
0,2,0,4,0,1,0,0,8,1,8,1
0,3,0,2,0,1,0,0,8,1,6,1
0,3,1,5,0,1,0,0,8,2,15,1
0,3,0,3,2,2,0,2,8,1,9,0
0,3,0,2,0,0,0,0,8,1,6,0
0,3,1,4,0,2,0,4,8,3,12,0
0,3,0,3,0,0,1,0,8,1,9,0
1,3,0,4,0,0,0,0,8,1,12,0
1,2,0,6,0,1,0,0,8,1,12,1
1,1,1,6,2,3,0,2,3,3,6,1
1,1,0,5,0,2,0,0,5,1,5,2
1,3,1,6,0,0,2,0,8,2,18,0
0,3,0,1,0,1,0,0,8,1,3,1
0,3,0,2,0,1,0,0,8,1,6,1
1,2,1,5,0,1,0,0,8,2,10,1
1,1,1,5,1,3,0,1,5,3,5,1
0,3,1,5,1,1,1,1,8,3,15,0
1,3,0,4,0,0,0,0,8,1,12,0
1,2,1,3,1,2,0,2,8,2,6,0
1,1,1,5,1,4,1,2,3,3,5,1
0,2,0,6,0,2,0,0,8,1,12,2
0,1,0,5,0,3,1,0,1,1,5,3
0,3,0,4,0,1,1,0,8,1,12,1
1,1,1,1,0,3,0,2,5,2,1,1
0,2,0,6,0,2,0,0,8,1,12,2
1,1,0,6,1,3,1,2,2,1,6,1
0,3,0,2,0,1,0,0,8,1,6,1
0,3,0,3,0,1,0,0,8,1,9,1
0,3,0,5,0,0,0,0,8,1,15,0
1,1,1,6,1,3,1,1,4,3,6,1
0,3,0,6,0,0,0,0,8,1,18,0
0,3,1,5,0,0,2,2,8,2,15,0
0,2,0,5,1,2,0,1,8,1,10,1
0,3,0,5,1,2,0,2,8,1,15,0
1,2,1,3,0,3,0,0,8,2,6,3
0,3,0,6,0,0,0,0,8,1,18,0
0,3,0,4,0,0,1,0,8,1,12,0
1,1,0,6,1,3,1,1,1,5,6,1
1,2,1,3,2,2,0,3,8,3,6,0
0,3,0,3,0,0,0,0,8,1,9,0
0,1,0,2,0,3,0,0,8,1,2,3
0,3,0,6,0,1,0,0,8,1,18,1
1,1,0,5,0,2,1,0,8,1,5,2
0,3,0,5,1,2,0,1,8,1,15,1
0,3,0,4,0,0,0,0,8,1,12,0
1,1,0,3,0,2,0,0,8,1,3,2
1,2,1,2,1,3,1,3,8,3,4,0
1,1,1,5,0,4,0,0,3,2,5,4
0,3,1,5,1,2,0,6,8,3,15,0
0,3,0,4,0,0,0,0,8,1,12,0
1,3,1,3,1,2,2,1,8,2,9,1
0,3,0,6,0,0,2,0,8,1,18,0
0,3,0,5,0,1,0,0,8,1,15,1
1,2,1,3,1,3,0,3,8,2,6,0
0,3,0,5,1,1,0,2,8,1,15,0
0,3,1,3,1,2,0,1,8,3,9,1
1,2,1,0,2,3,0,3,6,2,0,0
0,2,0,3,0,1,0,0,8,1,6,1
0,3,0,3,1,1,1,1,8,1,9,0
1,1,0,6,1,3,0,1,4,1,6,1
1,3,0,2,1,2,1,2,8,1,6,0
0,3,0,2,0,0,0,0,8,1,6,0
0,3,0,2,0,2,0,0,8,1,6,2
0,1,0,6,0,3,0,0,4,1,6,3
0,2,0,6,0,1,2,0,8,5,12,1
1,1,1,2,0,3,0,0,4,2,2,3
0,3,0,3,0,0,0,0,8,1,9,0
0,3,0,3,0,0,2,0,8,1,9,0
1,1,0,6,0,2,0,0,1,1,6,2
0,3,0,6,0,0,0,0,8,1,18,0
1,1,0,4,0,2,1,0,2,5,4,2
0,1,0,4,0,0,0,0,8,1,4,0
0,3,1,0,3,2,0,5,8,2,0,0
1,2,1,4,0,1,0,0,8,2,8,1
0,3,0,4,0,0,0,0,8,1,12,0
0,2,0,4,1,2,0,2,8,1,8,0
0,3,1,6,0,3,0,5,8,3,18,0
0,3,0,1,1,2,0,1,8,1,3,1
0,3,0,2,0,0,0,0,8,1,6,0
1,1,1,3,0,3,1,0,2,2,3,3
0,3,1,0,3,2,0,5,8,2,0,0
1,3,0,1,0,3,0,0,8,1,3,3
1,3,1,0,2,2,1,3,8,2,0,0
1,1,0,6,1,3,1,1,4,1,6,1
0,3,0,2,0,0,0,0,8,1,6,0
1,1,0,6,0,3,1,0,1,5,6,3
0,3,0,3,0,0,0,0,8,1,9,0
1,3,1,3,0,0,0,0,8,2,9,0
0,3,0,3,0,0,0,0,8,1,9,0
1,2,1,1,0,2,0,1,8,2,2,1
0,3,0,2,0,1,0,0,8,1,6,1
1,3,1,2,0,0,2,0,8,2,6,0
0,3,1,1,0,0,2,0,8,2,3,0
0,2,0,3,2,3,0,2,8,1,6,1
0,3,0,5,0,0,0,0,8,1,15,0
0,3,1,4,1,2,2,2,8,3,12,0
0,2,0,3,0,1,0,0,8,1,6,1
0,1,0,6,0,4,1,2,4,1,6,1
1,1,0,6,2,4,0,2,8,5,6,1
0,3,0,5,0,0,1,0,8,1,15,0
0,1,0,6,0,2,0,0,5,1,6,2
0,3,0,5,0,0,0,0,8,1,15,0
1,3,0,2,1,0,0,1,8,1,6,0
0,2,0,4,2,3,0,2,8,1,8,1
0,2,0,3,0,1,0,0,8,1,6,1
0,3,0,5,0,0,0,0,8,1,15,0
0,3,0,6,0,1,0,0,8,1,18,1
1,1,1,1,1,3,0,1,3,3,1,1
1,2,1,5,1,3,0,2,8,3,10,1
0,1,0,4,1,3,0,1,2,1,4,1
0,2,0,6,0,1,0,0,8,1,12,1
1,2,0,4,0,1,0,0,8,1,8,1
0,2,0,1,0,0,0,0,8,1,2,0
0,3,0,1,0,0,0,0,8,1,3,0
0,3,0,3,0,1,0,0,8,1,9,1
1,3,1,1,0,1,0,0,8,2,3,1
0,3,1,6,1,3,0,7,8,3,18,0
1,1,0,5,0,5,1,1,2,1,5,2
0,3,1,1,0,1,2,0,8,2,3,1
1,1,0,3,0,3,1,0,4,1,3,3
0,3,0,2,0,1,0,0,8,1,6,1
0,3,0,1,5,3,0,7,8,1,3,0
0,2,0,6,1,3,0,2,8,1,12,1
0,2,0,3,1,3,1,3,8,1,6,0
0,3,0,1,4,3,0,5,8,1,3,0
0,3,0,2,0,1,0,0,8,1,6,1
0,3,0,1,0,0,0,0,8,1,3,0
1,1,1,1,0,4,0,1,2,2,1,2
1,1,0,4,1,3,0,1,2,1,4,1
1,3,1,0,0,1,1,1,8,2,0,0
1,3,0,5,0,3,0,0,8,1,15,3
0,3,0,3,0,0,1,0,8,1,9,0
0,1,0,6,0,2,0,0,8,5,6,2
0,2,0,6,0,1,0,0,8,1,12,1
0,3,0,6,0,1,0,0,8,1,18,1
1,3,1,4,0,0,2,0,8,2,12,0
0,1,0,6,1,4,1,2,3,1,6,1
0,3,0,6,0,0,0,0,6,1,18,0
1,1,1,1,1,4,1,1,3,3,1,2
1,1,0,5,0,2,0,0,5,1,5,2
0,3,1,1,0,1,1,1,8,2,3,0
0,3,0,3,0,0,2,0,8,1,9,0
0,3,0,3,1,0,0,1,8,1,9,0
0,2,0,5,0,2,0,0,8,1,10,2
1,2,1,6,0,1,0,0,8,3,12,1
1,1,0,6,0,2,0,0,5,1,6,2
1,1,1,2,0,4,0,0,8,2,2,4
1,3,0,1,1,2,1,2,8,4,3,0
1,1,1,3,0,3,1,0,3,2,3,3
0,1,0,1,0,2,0,0,3,1,1,2
1,1,0,6,1,3,0,1,3,1,6,1
0,3,0,4,0,1,0,0,8,1,12,1
0,2,0,6,0,1,0,0,8,1,12,1
0,3,0,2,0,0,0,0,6,1,6,0
1,1,1,5,0,4,1,0,3,2,5,4
1,2,1,3,0,1,0,0,5,2,6,1
0,3,0,5,0,2,2,0,8,1,15,2
0,3,0,4,0,0,0,0,8,1,12,0
1,2,1,0,0,3,0,1,8,2,0,1
0,3,0,1,1,0,0,1,8,1,3,0
0,2,0,5,0,1,0,0,8,1,10,1
0,2,0,6,0,1,0,0,8,1,12,1
1,1,0,3,1,3,0,1,5,1,3,1
0,3,0,2,0,1,0,0,8,1,6,1
1,2,1,4,3,2,0,3,8,3,8,0
1,3,1,6,0,0,2,0,8,2,18,0
0,2,0,3,1,2,0,1,8,1,6,1
0,3,1,3,1,0,0,1,8,2,9,0
1,1,1,4,0,4,0,0,2,2,4,4
0,3,0,0,0,2,1,0,8,1,0,2
0,2,0,1,0,0,0,0,8,1,2,0
0,2,0,3,0,1,0,0,8,1,6,1
0,2,0,3,0,1,0,0,8,1,6,1
0,3,0,4,0,2,0,0,8,1,12,2
0,3,1,6,1,3,0,4,8,3,18,0
1,1,0,5,0,5,1,0,2,1,5,5
0,3,0,1,0,0,0,0,8,1,3,0
0,3,0,1,0,0,0,0,8,1,3,0
1,1,0,1,0,2,0,0,4,1,1,2
0,1,0,5,1,3,0,1,3,1,5,1
1,1,1,2,2,5,1,4,2,2,2,1
0,3,0,3,1,2,0,1,8,1,9,1
1,3,0,4,0,0,0,0,8,1,12,0
0,1,0,6,1,3,0,2,2,5,6,1
0,3,0,1,1,2,0,2,8,1,3,0
1,2,1,4,0,1,0,0,8,2,8,1
0,1,0,2,1,3,0,1,4,1,2,1
0,3,0,4,0,0,2,0,8,1,12,0
1,2,1,0,1,2,0,2,8,2,0,0
1,3,0,0,0,1,0,1,5,4,0,0
0,3,0,4,0,1,0,0,8,1,12,1
0,3,0,3,0,0,0,0,8,1,9,0
1,2,1,6,1,3,0,3,8,3,12,0
1,2,0,0,1,1,0,2,8,4,0,0
0,3,0,4,0,0,0,0,8,1,12,0
0,2,0,1,0,1,0,0,8,1,2,1
0,3,0,5,0,1,0,0,8,1,15,1
1,1,1,4,0,3,0,0,2,5,4,3
0,3,0,1,0,1,0,0,8,1,3,1
0,3,0,6,0,0,0,0,8,1,18,0
1,3,0,2,0,0,1,0,8,1,6,0
1,1,1,5,1,4,0,3,2,3,5,1
0,3,0,1,0,0,0,0,8,1,3,0
1,1,1,6,1,3,0,1,4,3,6,1
0,1,0,2,0,3,1,0,8,5,2,3
0,3,1,4,0,0,2,0,8,2,12,0
0,3,0,5,1,2,2,1,8,1,15,1
0,3,0,4,0,1,0,0,8,1,12,1
0,3,0,3,0,1,0,0,8,1,9,1
0,3,0,6,0,0,0,0,8,1,18,0
0,2,1,6,0,1,0,0,5,3,12,1
0,3,0,6,0,0,1,0,8,1,18,0
1,2,1,6,1,2,0,4,8,3,12,0
0,3,0,1,0,0,0,0,8,1,3,0
0,3,0,4,0,0,2,0,6,1,12,0
1,3,1,0,0,1,0,0,8,2,0,1
0,3,0,1,0,0,2,0,8,1,3,0
1,1,1,6,0,4,0,1,2,3,6,2
1,3,1,1,0,0,1,0,8,2,3,0
1,1,1,1,1,3,0,1,2,3,1,1
0,1,0,4,0,2,0,0,4,1,4,2
0,3,0,1,1,2,0,3,8,1,3,0
0,3,0,3,0,0,0,0,8,1,9,0
0,3,0,3,0,0,0,0,8,1,9,0
1,3,1,1,0,0,0,0,8,2,3,0
0,3,0,0,4,2,2,5,8,4,0,0
1,3,0,0,1,2,0,3,8,4,0,0
0,1,0,6,0,3,1,0,2,1,6,3
0,3,0,3,0,0,2,0,8,1,9,0
0,2,0,1,0,2,0,0,8,1,2,2
0,3,1,3,8,3,0,10,8,2,9,0
0,1,0,4,0,2,1,0,8,1,4,2
0,3,0,3,0,0,0,0,8,1,9,0
0,2,0,5,0,1,0,0,8,1,10,1
1,1,1,6,0,2,0,0,4,5,6,2
1,3,1,4,0,1,0,0,8,3,12,1
0,3,0,4,0,0,1,0,8,1,12,0
0,3,1,4,1,2,0,2,8,3,12,0
0,2,0,5,0,1,0,0,8,1,10,1
1,2,1,4,1,2,0,2,8,3,8,0
1,1,0,0,1,4,0,3,2,4,0,1
1,3,0,0,0,1,1,1,8,4,0,0
1,3,0,3,0,0,0,0,8,1,9,0
0,3,0,4,0,0,0,0,8,1,12,0
0,1,0,5,0,0,0,0,1,1,5,0
0,3,1,1,0,0,0,0,8,2,3,0
0,2,0,5,0,1,0,0,8,1,10,1
1,1,1,4,1,3,0,1,5,3,4,1
0,3,0,3,0,0,0,0,8,1,9,0
0,3,0,5,0,2,0,0,8,1,15,2
0,2,0,5,0,1,0,0,8,1,10,1
0,3,1,0,4,2,0,6,8,2,0,0
0,3,0,4,0,1,0,0,8,1,12,1
0,1,0,4,0,0,0,0,2,1,4,0
0,3,1,3,0,0,0,0,8,2,9,0
0,2,0,4,1,3,1,2,8,1,8,1
0,3,0,6,0,0,0,0,8,1,18,0
0,3,0,0,3,2,0,5,8,4,0,0
1,1,1,6,1,3,0,2,2,3,6,1
1,3,0,3,0,1,0,0,8,1,9,1
0,1,0,5,0,0,0,0,8,5,5,0
1,3,1,3,0,1,0,1,5,3,9,0
0,3,0,0,4,3,0,5,8,4,0,0
0,3,0,2,0,0,2,0,8,1,6,0
0,3,0,5,0,3,0,0,8,1,15,3
1,2,0,0,0,3,1,2,8,4,0,1
1,3,0,5,0,0,2,0,8,1,15,0
1,1,1,6,0,3,0,0,2,3,6,3
1,3,1,1,1,1,1,1,8,3,3,0
1,2,0,0,1,2,0,2,8,4,0,0
0,3,0,1,0,0,1,0,8,1,3,0
0,3,0,3,0,0,0,0,8,1,9,0
0,3,0,1,0,1,0,0,8,1,3,1
1,1,1,5,1,3,1,2,5,2,5,1
0,3,0,2,0,1,0,0,8,1,6,1
0,3,0,4,0,1,0,0,8,1,12,1
1,3,0,4,0,3,0,0,8,1,12,3
1,1,0,3,0,2,1,0,3,1,3,2
0,3,0,2,0,0,0,0,8,1,6,0
0,2,0,1,0,1,0,0,8,1,2,1
1,1,1,4,0,2,1,0,8,2,4,2
0,3,0,5,0,0,1,0,8,1,15,0
0,3,0,1,0,1,0,0,8,1,3,1
0,3,0,6,0,0,0,0,8,1,18,0
0,3,0,4,8,3,0,10,8,1,12,0
0,3,0,5,0,0,1,0,8,1,15,0
0,2,0,4,0,3,0,1,8,5,8,1
1,1,1,4,1,3,1,1,3,3,4,1
0,3,0,0,4,2,0,6,8,4,0,0
0,3,0,6,0,0,0,0,8,1,18,0
0,3,1,0,1,2,1,2,8,2,0,0
1,1,1,1,0,3,0,1,4,2,1,1
0,2,1,6,1,2,0,1,8,3,12,1
1,3,1,1,0,1,0,1,8,3,3,0
1,1,1,6,1,4,0,2,8,3,6,1
1,1,0,6,0,2,0,0,5,1,6,2
1,3,1,3,0,2,1,3,8,3,9,0
0,3,0,4,0,0,1,0,8,1,12,0
0,3,0,6,2,1,0,2,8,1,18,0
0,2,0,2,1,1,0,1,8,1,4,0
1,1,1,6,0,2,0,0,4,3,6,2
0,3,1,4,8,3,0,10,8,2,12,0
0,2,0,3,0,1,0,0,8,1,6,1
1,2,1,6,0,1,0,0,8,3,12,1
1,2,1,3,1,1,1,1,8,2,6,0
0,1,0,4,0,3,0,0,1,1,4,3
0,3,0,3,0,1,0,0,8,1,9,1
1,3,0,0,1,1,0,2,8,4,0,0
0,3,0,3,0,0,0,0,8,1,9,0
1,1,1,6,1,3,0,2,4,3,6,1
0,1,0,4,0,0,0,0,2,1,4,0
0,3,0,6,0,1,0,0,8,1,18,1
1,2,1,4,1,2,1,1,8,3,8,1
1,3,1,1,0,0,1,0,8,2,3,0
0,3,0,2,0,1,0,0,8,1,6,1
0,3,0,2,0,0,0,0,8,1,6,0
0,3,0,2,0,0,0,0,8,1,6,0
1,1,1,6,0,3,1,1,3,3,6,1
1,2,1,3,0,2,0,1,8,3,6,1
0,3,0,4,0,0,0,0,8,1,12,0
0,3,1,2,0,1,0,0,8,2,6,1
0,2,0,4,0,1,0,0,8,1,8,1
0,3,0,3,0,0,0,0,8,1,9,0
0,3,1,5,0,2,2,5,8,3,15,0
0,2,0,3,0,1,0,0,8,5,6,1
1,1,1,2,0,2,0,0,2,2,2,2
0,3,1,3,1,2,0,3,8,2,9,0
1,1,0,3,0,2,1,0,3,1,3,2
0,3,0,4,0,0,2,0,8,1,12,0
